,65,66,68,69,73,74,76,77,81,82,84,85,89,90,92,93,97,98,100,101,105,106,108,109,113,114,116,117,121,122,124,125,129,130,132,133,137,138,140,141,145,146,148,149,153,154,156,157,161,162,164,165,169,170,172,173,177,178,180,181,185,186,188,189,193,194,196,197,201,202,204,205,209,210,212,213,217,218,220,221,321,322,325,326,329,330,333,334,337,338,341,342,345,346,349,350,353,354,357,358,361,362,365,366,369,370,373,374,377,378,381,382,385,386,389,390,393,394,397,398,401,402,405,406,409,410,413,414,417,418,421,422,425,426,429,430,433,434,437,438,441,442,445,446,449,450,453,454,457,461,462,465,466,469,470,473,474,477,478,energy,num_occurrences
0,-1,1,-1,1,-1,-1,-1,-1,-1,1,1,-1,-1,-1,1,-1,-1,1,1,1,-1,1,1,-1,1,-1,-1,1,-1,-1,1,1,1,1,-1,-1,1,1,-1,1,1,1,1,1,-1,-1,1,-1,-1,-1,-1,1,-1,-1,1,1,1,-1,-1,-1,1,-1,-1,-1,-1,1,-1,1,1,-1,-1,-1,1,1,1,-1,1,1,1,1,1,-1,1,-1,-1,-1,-1,-1,1,1,-1,-1,-1,-1,-1,-1,-1,-1,-1,1,1,-1,1,1,1,1,-1,1,1,1,1,-1,-1,1,-1,1,-1,-1,1,1,-1,1,1,1,-1,1,-1,-1,1,1,1,-1,1,-1,-1,-1,1,1,-1,-1,1,1,1,-1,1,1,1,-1,1,-1,-1,1,1,1,1,1,1,-1,1,-257.7552509588273,177
1,-1,1,-1,1,-1,-1,-1,-1,-1,1,1,-1,-1,-1,1,-1,-1,1,1,1,-1,1,1,-1,1,-1,-1,1,-1,-1,1,1,1,1,-1,-1,1,1,-1,1,1,1,1,1,-1,-1,1,-1,-1,-1,-1,1,-1,-1,1,1,1,-1,-1,-1,1,-1,-1,-1,-1,1,-1,1,1,-1,-1,-1,1,1,1,-1,1,1,1,1,1,-1,1,-1,-1,-1,-1,-1,1,1,-1,-1,-1,-1,-1,-1,-1,-1,-1,1,1,-1,1,1,1,1,-1,1,1,1,1,-1,-1,1,-1,1,-1,-1,1,1,-1,1,1,1,-1,1,-1,-1,1,1,1,-1,1,-1,-1,-1,1,1,-1,-1,1,1,1,-1,1,1,1,-1,1,1,-1,1,1,1,1,1,1,-1,1,-257.65566624583926,41
2,-1,1,-1,1,-1,-1,-1,-1,-1,1,1,-1,-1,-1,1,-1,-1,1,1,1,-1,1,1,-1,1,-1,-1,1,-1,-1,1,1,1,1,-1,-1,1,1,-1,1,1,1,1,1,-1,-1,1,-1,-1,-1,-1,1,-1,-1,1,1,1,-1,-1,-1,1,-1,-1,-1,-1,1,-1,1,1,-1,-1,1,1,1,1,-1,1,1,1,1,1,-1,1,-1,-1,-1,-1,-1,1,1,-1,-1,-1,-1,-1,-1,-1,-1,-1,1,1,-1,1,1,1,1,-1,1,1,1,1,-1,-1,1,-1,1,-1,-1,1,1,-1,1,1,1,-1,1,-1,-1,1,1,1,-1,1,-1,-1,-1,1,1,-1,-1,1,1,1,-1,1,1,1,-1,1,-1,-1,1,1,1,1,1,1,-1,1,-257.6253757952013,13
3,-1,1,-1,1,-1,-1,-1,-1,-1,1,1,-1,-1,-1,1,-1,-1,1,1,1,-1,1,1,-1,1,-1,-1,1,-1,-1,1,1,1,1,-1,-1,1,1,-1,1,1,1,1,1,-1,-1,1,-1,-1,-1,-1,1,-1,-1,1,1,1,-1,-1,-1,1,-1,-1,-1,-1,1,-1,1,1,-1,-1,1,1,1,1,-1,1,1,1,1,1,-1,1,-1,-1,-1,-1,-1,1,1,-1,-1,-1,-1,-1,-1,-1,-1,-1,1,1,-1,1,1,1,1,-1,1,1,1,1,-1,-1,1,-1,1,-1,-1,1,1,-1,1,1,1,-1,1,-1,-1,1,1,1,-1,1,-1,-1,-1,1,1,-1,-1,1,1,1,-1,1,1,1,-1,1,1,-1,1,1,1,1,1,1,-1,1,-257.5257910822133,3
4,1,1,-1,1,1,1,1,1,1,-1,1,1,1,-1,1,-1,1,1,-1,-1,-1,1,1,-1,1,-1,-1,1,1,-1,1,1,1,1,1,-1,-1,1,-1,1,1,1,-1,1,1,-1,1,-1,1,-1,1,1,1,-1,-1,1,-1,-1,1,-1,1,-1,-1,-1,-1,1,-1,1,1,-1,-1,-1,1,1,1,-1,1,1,-1,1,1,1,1,-1,-1,-1,1,1,1,1,-1,1,1,1,1,1,1,1,1,-1,1,1,-1,1,1,1,-1,1,-1,1,1,-1,1,1,-1,-1,1,-1,1,1,1,1,1,1,1,1,-1,-1,1,1,1,-1,1,-1,-1,-1,1,1,-1,-1,1,1,1,-1,1,1,1,-1,1,-1,-1,-1,1,1,1,1,1,-1,1,-257.4821485157692,12
5,-1,1,-1,1,-1,-1,-1,-1,-1,1,1,-1,-1,-1,1,-1,-1,1,1,1,-1,1,1,-1,1,-1,-1,1,-1,-1,1,1,1,1,-1,-1,-1,1,-1,1,1,1,1,1,-1,-1,1,-1,-1,-1,-1,1,-1,-1,1,1,1,-1,-1,-1,1,-1,-1,-1,-1,1,-1,1,1,-1,-1,-1,1,1,1,-1,1,1,1,1,1,-1,1,-1,-1,-1,-1,-1,1,1,-1,-1,-1,-1,-1,-1,-1,-1,-1,1,1,-1,1,1,1,1,1,1,1,1,1,-1,-1,1,-1,1,-1,-1,1,1,-1,1,1,1,-1,1,-1,-1,1,1,1,-1,1,-1,-1,-1,1,1,-1,-1,1,1,1,-1,1,1,1,-1,1,-1,-1,1,1,1,1,1,1,-1,1,-257.45426205162124,30
6,1,1,-1,1,1,1,1,1,1,-1,1,1,1,-1,1,-1,1,1,-1,-1,-1,1,1,-1,1,-1,-1,1,1,-1,1,1,1,1,1,-1,-1,1,-1,1,1,1,-1,1,1,-1,1,-1,1,-1,1,1,1,-1,-1,1,-1,-1,1,-1,1,-1,-1,-1,-1,1,-1,1,1,-1,-1,-1,1,1,1,-1,1,1,-1,1,1,1,1,-1,-1,-1,1,1,1,1,-1,1,1,1,1,1,1,1,1,-1,1,1,-1,1,1,1,-1,1,-1,1,1,-1,1,1,-1,-1,1,-1,1,1,1,1,1,1,1,1,-1,-1,1,1,1,-1,1,-1,-1,-1,1,1,-1,-1,1,1,1,-1,1,1,1,-1,1,1,-1,-1,1,1,1,1,1,-1,1,-257.38256380278125,3
7,-1,1,-1,1,-1,-1,-1,-1,-1,1,1,-1,-1,-1,1,-1,-1,1,1,1,-1,1,1,-1,1,-1,-1,1,-1,-1,1,1,1,1,-1,-1,1,1,-1,1,1,1,1,1,-1,-1,1,-1,-1,-1,-1,1,-1,-1,1,1,1,-1,-1,-1,1,-1,-1,-1,-1,1,-1,1,1,-1,-1,-1,1,1,-1,-1,1,1,1,1,1,-1,1,-1,-1,-1,-1,-1,1,1,-1,-1,-1,-1,-1,-1,-1,-1,-1,1,1,-1,1,1,1,1,-1,1,1,1,1,-1,-1,1,-1,1,-1,-1,1,1,-1,1,1,1,-1,1,-1,-1,1,1,1,-1,1,-1,-1,-1,1,1,-1,-1,1,1,1,-1,1,1,1,-1,1,-1,-1,1,1,1,1,1,1,-1,1,-257.361616176909,4
8,-1,1,-1,1,-1,-1,-1,-1,-1,1,1,-1,-1,-1,1,-1,-1,1,1,1,-1,1,1,-1,1,-1,-1,1,-1,-1,1,1,1,1,-1,-1,-1,1,-1,1,1,1,1,1,-1,-1,1,-1,-1,-1,-1,1,-1,-1,1,1,1,-1,-1,-1,1,-1,-1,-1,-1,1,-1,1,1,-1,-1,-1,1,1,1,-1,1,1,1,1,1,-1,1,-1,-1,-1,-1,-1,1,1,-1,-1,-1,-1,-1,-1,-1,-1,-1,1,1,-1,1,1,1,1,1,1,1,1,1,-1,-1,1,-1,1,-1,-1,1,1,-1,1,1,1,-1,1,-1,-1,1,1,1,-1,1,-1,-1,-1,1,1,-1,-1,1,1,1,-1,1,1,1,-1,1,1,-1,1,1,1,1,1,1,-1,1,-257.3546773386333,3
9,-1,1,-1,1,-1,-1,-1,-1,-1,1,1,-1,-1,-1,1,-1,-1,1,1,1,-1,1,1,-1,1,-1,-1,1,-1,-1,1,1,1,1,-1,-1,1,1,-1,1,1,1,1,1,-1,-1,1,-1,-1,-1,-1,1,-1,-1,1,1,1,-1,-1,-1,1,-1,-1,-1,-1,1,-1,1,1,-1,-1,-1,1,1,1,-1,1,1,1,1,1,-1,1,-1,-1,-1,-1,-1,1,1,-1,-1,-1,-1,-1,-1,-1,-1,-1,1,1,-1,1,1,1,1,1,1,1,1,1,-1,-1,1,-1,1,-1,-1,1,1,-1,1,1,1,-1,1,-1,-1,1,1,1,-1,1,-1,-1,-1,1,1,-1,-1,1,1,1,-1,1,1,1,-1,1,-1,-1,1,1,1,1,1,1,-1,1,-257.3503065728939,2
10,-1,1,-1,1,-1,-1,-1,-1,-1,1,1,-1,-1,-1,1,-1,-1,1,1,1,-1,1,1,-1,1,-1,-1,1,-1,-1,1,1,1,1,-1,-1,-1,1,-1,1,1,1,1,1,-1,-1,1,-1,-1,-1,-1,1,-1,-1,1,1,1,-1,-1,-1,1,-1,-1,-1,-1,1,-1,1,1,-1,-1,1,1,1,1,-1,1,1,1,1,1,-1,1,-1,-1,-1,-1,-1,1,1,-1,-1,-1,-1,-1,-1,-1,-1,-1,1,1,-1,1,1,1,1,1,1,1,1,1,-1,-1,1,-1,1,-1,-1,1,1,-1,1,1,1,-1,1,-1,-1,1,1,1,-1,1,-1,-1,-1,1,1,-1,-1,1,1,1,-1,1,1,1,-1,1,-1,-1,1,1,1,1,1,1,-1,1,-257.3243868879953,4
11,-1,1,-1,1,-1,-1,-1,-1,-1,1,1,-1,-1,-1,1,-1,-1,1,1,1,-1,1,1,-1,1,-1,-1,1,-1,-1,1,1,1,1,-1,-1,1,1,-1,1,1,1,1,1,-1,-1,1,-1,-1,-1,-1,1,-1,-1,1,1,1,-1,-1,-1,1,-1,-1,-1,-1,1,-1,1,1,-1,-1,-1,1,1,-1,-1,1,1,1,1,1,-1,1,-1,-1,-1,-1,-1,1,1,-1,-1,-1,-1,-1,-1,-1,-1,-1,1,1,-1,1,1,1,1,-1,1,1,1,1,-1,-1,1,-1,1,-1,-1,1,1,-1,1,1,1,-1,1,-1,-1,1,1,1,-1,1,-1,-1,-1,1,1,-1,-1,1,1,1,-1,1,1,1,-1,1,1,-1,1,1,1,1,1,1,-1,1,-257.26203146392106,1
12,-1,1,-1,1,-1,-1,-1,-1,-1,1,1,-1,-1,-1,1,-1,-1,1,1,1,-1,1,1,-1,1,-1,-1,1,-1,-1,1,1,1,1,-1,-1,1,1,-1,1,1,1,1,1,-1,-1,1,-1,-1,-1,-1,1,-1,-1,1,1,1,-1,-1,-1,1,-1,-1,-1,-1,1,-1,1,1,-1,-1,-1,1,1,1,-1,1,1,1,1,1,-1,1,-1,-1,-1,-1,-1,1,1,-1,-1,-1,-1,-1,-1,-1,-1,-1,1,1,-1,1,1,1,1,1,1,1,1,1,-1,-1,1,-1,1,-1,-1,1,1,-1,1,1,1,-1,1,-1,-1,1,1,1,-1,1,-1,-1,-1,1,1,-1,-1,1,1,1,-1,1,1,1,-1,1,1,-1,1,1,1,1,1,1,-1,1,-257.25072185990587,1
13,-1,1,-1,1,-1,-1,-1,-1,-1,1,1,-1,-1,-1,1,-1,-1,1,1,1,-1,1,1,-1,1,-1,-1,1,-1,-1,1,1,1,1,1,-1,1,1,-1,1,1,1,1,1,-1,-1,1,-1,-1,-1,-1,1,-1,-1,1,1,1,-1,-1,-1,1,-1,-1,-1,-1,1,-1,1,1,-1,-1,-1,1,1,1,-1,1,1,1,1,1,-1,1,-1,-1,-1,-1,-1,1,1,-1,-1,-1,-1,-1,-1,-1,-1,1,1,1,-1,1,1,1,1,-1,1,1,1,1,-1,-1,1,-1,1,-1,-1,1,1,-1,1,1,1,-1,1,-1,-1,1,1,1,-1,1,-1,-1,-1,1,1,-1,-1,1,1,1,-1,1,1,1,-1,1,-1,-1,1,1,1,1,1,1,-1,1,-256.6812045212339,1
14,1,1,-1,1,1,1,1,1,1,-1,1,1,1,-1,1,-1,1,1,-1,-1,-1,1,1,-1,1,-1,-1,1,-1,-1,1,1,1,1,1,-1,-1,1,-1,1,1,1,-1,1,1,-1,1,-1,1,-1,1,1,1,-1,-1,1,1,-1,1,-1,1,-1,-1,-1,-1,1,-1,1,1,-1,-1,-1,1,1,1,-1,1,1,-1,1,1,1,1,-1,-1,-1,1,1,1,1,-1,1,1,1,1,1,1,1,1,-1,1,1,-1,1,1,1,-1,1,-1,1,1,-1,1,1,-1,1,1,1,-1,1,1,1,1,1,1,1,-1,-1,1,1,1,-1,1,-1,-1,-1,1,1,-1,-1,1,1,1,-1,1,1,1,-1,1,-1,-1,-1,1,1,1,1,1,-1,1,-256.6730158356497,1
15,-1,1,-1,1,-1,-1,-1,-1,-1,1,-1,-1,1,-1,1,-1,-1,1,-1,1,-1,1,-1,-1,1,-1,1,1,-1,-1,1,1,1,1,1,-1,-1,1,1,1,1,1,-1,1,1,-1,-1,-1,1,-1,1,1,-1,-1,-1,1,1,-1,1,-1,1,-1,1,-1,-1,1,-1,1,1,-1,-1,-1,1,1,1,-1,1,1,-1,1,-1,1,-1,-1,-1,-1,1,1,-1,-1,1,1,1,1,1,1,-1,1,1,-1,1,1,1,1,-1,-1,1,1,1,1,1,-1,-1,1,-1,1,-1,-1,1,1,-1,1,1,1,-1,1,-1,-1,1,1,1,-1,1,-1,-1,-1,1,1,-1,-1,1,1,1,-1,1,1,1,-1,1,-1,-1,1,1,1,1,1,1,-1,1,-255.44986922556524,2
16,-1,1,-1,1,-1,-1,-1,-1,-1,1,-1,-1,1,-1,1,-1,-1,1,-1,1,-1,1,-1,-1,1,-1,1,1,-1,-1,1,1,1,1,1,-1,-1,1,1,1,1,1,-1,1,1,-1,-1,-1,1,-1,1,1,-1,-1,-1,1,1,-1,1,-1,1,-1,1,-1,-1,1,-1,1,1,-1,-1,-1,1,1,1,-1,1,1,-1,1,-1,1,-1,-1,-1,-1,1,1,-1,-1,1,1,1,1,1,1,-1,1,1,-1,1,1,1,1,-1,-1,1,1,1,1,1,-1,-1,1,-1,1,-1,-1,1,1,-1,1,1,1,-1,1,-1,-1,1,1,1,-1,1,-1,-1,-1,1,1,-1,-1,1,1,1,-1,1,1,1,-1,1,1,-1,1,1,1,1,1,1,-1,1,-255.35028451257728,1
17,-1,1,-1,1,-1,-1,-1,-1,-1,1,-1,-1,1,-1,1,-1,-1,1,-1,1,-1,1,-1,-1,1,-1,1,1,-1,-1,1,1,1,1,1,-1,-1,1,1,1,1,1,-1,1,1,-1,-1,-1,1,-1,1,1,-1,-1,-1,1,1,-1,1,-1,1,-1,1,-1,-1,1,-1,1,1,-1,-1,1,1,1,1,-1,1,1,-1,1,-1,1,-1,-1,-1,-1,1,1,-1,-1,1,1,1,1,1,1,-1,1,1,-1,1,1,1,1,-1,-1,1,1,1,1,1,-1,-1,1,-1,1,-1,-1,1,1,-1,1,1,1,-1,1,-1,-1,1,1,1,-1,1,-1,-1,-1,1,1,-1,-1,1,1,1,-1,1,1,1,-1,1,-1,-1,1,1,1,1,1,1,-1,1,-255.31999406193924,1
